Repository,URL
pawel-cell/micky-podcast-agentic-engineering,https://github.com/pawel-cell/micky-podcast-agentic-engineering
lalantham/mickyssh.github.io,https://github.com/lalantham/mickyssh.github.io
mickypaganini/mickypaganini.github.io,https://github.com/mickypaganini/mickypaganini.github.io
rafbm/micky,https://github.com/rafbm/micky
Micky014/micky_getskin,https://github.com/Micky014/micky_getskin
basaran/awesomewm-micky,https://github.com/basaran/awesomewm-micky
quantumsheep/mickye,https://github.com/quantumsheep/mickye
Micky373/Micky373,https://github.com/Micky373/Micky373
micky4966/micky4966.github.io,https://github.com/micky4966/micky4966.github.io
hassanelsherbiny/MickyAlarm,https://github.com/hassanelsherbiny/MickyAlarm
